{"AAA": [0.03571386, 2.26025581, 2.26025242], "AAC": [0.03666589, 2.22588228, 2.22589119], "AAG": [0.03606211, 2.26751138, 2.26764079], "AAT": [0.03710545, 1.9957062, 1.99554954], "ACA": [0.03339841, 1.2465406, 1.24655033], "ACC": [0.03388045, 1.59772458, 1.59773014], "ACG": [0.03394963, 1.57429433, 1.57438509], "ACT": [0.03395738, 1.99110931, 1.99099967], "AGA": [0.03472656, 0.98671726, 0.98675182], "AGC": [0.03304314, 1.90039009, 1.9003074], "AGG": [0.03657968, 1.04806488, 1.04820597], "AGT": [0.03364644, 1.68455933, 1.68457229], "ATA": [0.03405042, 1.74176305, 1.74185502], "ATC": [0.03564787, 1.92367528, 1.92376346], "ATG": [0.03553095, 1.70321303, 1.70319695], "ATT": [0.0353081, 1.96123682, 1.96118063], "CAA": [0.03489474, 1.71341087, 1.71340597], "CAC": [0.03659013, 2.13339369, 2.13335582], "CAG": [0.03552525, 1.81456997, 1.81453809], "CAT": [0.03597796, 1.99003087, 1.98996161], "CCA": [0.03556761, 1.58731831, 1.587416], "CCC": [0.03875393, 1.13449538, 1.13448827], "CCG": [0.0358063, 1.96524173, 1.96551028], "CCT": [0.03609592, 1.66495113, 1.66518042], "CGA": [0.03565342, 1.32566071, 1.32566688], "CGC": [0.03724514, 1.85378537, 1.85388328], "CGG": [0.03479195, 0.98373509, 0.98373812], "CGT": [0.03728469, 2.45308895, 2.45307864], "CTA": [0.03488166, 0.9255992, 0.92552871], "CTC": [0.03529822, 1.19051117, 1.19036483], "CTG": [0.03560572, 1.85746957, 1.85748984], "CTT": [0.03515004, 1.39408323, 1.39421809], "GAA": [0.03568722, 2.16086175, 2.16094667], "GAC": [0.03573874, 2.2591162, 2.25935014], "GAG": [0.03491894, 2.1058282, 2.10572937], "GAT": [0.03537645, 1.94883353, 1.94888318], "GCA": [0.03524809, 2.20924616, 2.20929984], "GCC": [0.03703305, 1.49203601, 1.49198634], "GCG": [0.03570458, 2.20581934, 2.20582798], "GCT": [0.03531834, 1.639036, 1.63921393], "GGA": [0.03575063, 1.56743175, 1.56747955], "GGC": [0.03481247, 1.9403304, 1.94039728], "GGG": [0.03636159, 1.69535657, 1.6954669], "GGT": [0.03740631, 2.34815116, 2.3483391], "GTA": [0.03392435, 1.73297344, 1.73263597], "GTC": [0.03349711, 1.80725408, 1.80730732], "GTG": [0.03322782, 1.7896156, 1.78968859], "GTT": [0.03432381, 2.03078687, 2.03078154], "TAC": [0.03446442, 1.5395028, 1.53964423], "TAT": [0.03427579, 1.82721163, 1.82714089], "TCA": [0.03363063, 2.37305378, 2.3730225], "TCC": [0.03432728, 2.13216157, 2.1320544], "TCG": [0.03463443, 1.91167809, 1.9115783], "TCT": [0.03425713, 1.98838058, 1.98838399], "TGC": [0.03370235, 1.55297658, 1.55291144], "TGG": [0.03449109, 1.40732036, 1.40739039], "TGT": [0.03634884, 1.66410005, 1.66409634], "TTA": [0.03362503, 1.4119281, 1.41212218], "TTC": [0.03463988, 1.96544283, 1.96539898], "TTG": [0.03389847, 1.49342325, 1.4934591], "TTT": [0.03412082, 1.76223536, 1.76224204]}